609559874	POINT(971692.000000 187178.000000)
609544960	POINT(971243.000000 197356.000000)
608791624	POINT(971403.000000 199876.000000)
611325663	POINT(971328.000000 201572.000000)
611723427	POINT(971479.000000 200916.000000)
609053316	POINT(971140.000000 200770.000000)
611719170	POINT(972018.000000 202620.000000)
610687917	POINT(971268.000000 204463.000000)
611862559	POINT(972164.000000 203552.000000)
611884005	POINT(971563.000000 208550.000000)
609955432	POINT(972028.000000 209096.000000)
610475237	POINT(972253.000000 239424.000000)
610495866	POINT(971245.000000 240180.000000)
610548759	POINT(971084.000000 240472.000000)
611736649	POINT(973285.000000 186440.000000)
609240534	POINT(973215.000000 199243.000000)
608860582	POINT(972687.000000 200062.000000)
610274735	POINT(972812.000000 201533.000000)
610838595	POINT(972347.000000 201624.000000)
610145666	POINT(973037.000000 201890.000000)
610145558	POINT(973037.000000 201890.000000)
610890326	POINT(972622.000000 201039.000000)
611938988	POINT(972414.000000 202043.000000)
611077146	POINT(972711.000000 204755.000000)
609768359	POINT(973467.000000 205162.000000)
611356227	POINT(973442.000000 205238.000000)
611744064	POINT(973486.000000 206806.000000)
609502803	POINT(973315.000000 208126.000000)
611665620	POINT(973040.000000 207426.000000)
609499475	POINT(973471.000000 208832.000000)
610010872	POINT(973067.000000 209055.000000)
612250665	POINT(973074.000000 210335.000000)
611852370	POINT(972343.000000 214789.000000)
609368524	POINT(974810.000000 162395.000000)
610842554	POINT(974712.000000 199767.000000)
610799850	POINT(974730.000000 202009.000000)
611344112	POINT(974389.000000 202502.000000)
610879671	POINT(974071.000000 202670.000000)
612254887	POINT(974391.000000 202854.000000)
609093781	POINT(974315.000000 203163.000000)
610151858	POINT(974764.000000 204321.000000)
609381691	POINT(973968.000000 204608.000000)
610196985	POINT(974593.000000 204139.000000)
608986763	POINT(973680.000000 205194.000000)
612203270	POINT(974841.000000 205272.000000)
609179650	POINT(974718.000000 208201.000000)
608438419	POINT(974194.000000 208321.000000)
612334725	POINT(974661.000000 208580.000000)
611978696	POINT(974422.000000 207539.000000)
608780004	POINT(973721.000000 207758.000000)
610278560	POINT(974032.000000 207957.000000)
610277273	POINT(974718.000000 208909.000000)
609756488	POINT(974063.000000 209164.000000)
608331930	POINT(973642.000000 209571.000000)
611014415	POINT(974475.000000 209624.000000)
609418276	POINT(973913.000000 210295.000000)
610155520	POINT(973949.000000 210876.000000)
611978957	POINT(973732.000000 211073.000000)
609620334	POINT(974239.000000 212602.000000)
611765269	POINT(974784.000000 217253.000000)
611747296	POINT(974000.000000 217848.000000)
608523531	POINT(974074.000000 218315.000000)
609384562	POINT(973991.000000 218332.000000)
610629092	POINT(974310.000000 219755.000000)
608322101	POINT(973609.000000 228592.000000)
610980632	POINT(974526.000000 233643.000000)
610160858	POINT(974769.000000 237304.000000)
612263355	POINT(975705.000000 166623.000000)
611328345	POINT(975742.000000 166789.000000)
611338560	POINT(975970.000000 167516.000000)
610553168	POINT(975217.000000 170284.000000)
609360667	POINT(975988.000000 173158.000000)
610415071	POINT(976067.000000 189992.000000)
610607979	POINT(976067.000000 189992.000000)
609029746	POINT(975204.000000 192382.000000)
609926902	POINT(976079.000000 198868.000000)
610955306	POINT(975802.000000 198242.000000)
612328353	POINT(975772.000000 199625.000000)
608359589	POINT(975345.000000 201683.000000)
608365645	POINT(975345.000000 201683.000000)
611234204	POINT(975773.000000 201945.000000)
609489467	POINT(975082.000000 205028.000000)
611069389	POINT(975310.000000 208550.000000)
612261050	POINT(976061.000000 207377.000000)
611537541	POINT(975595.000000 207463.000000)
612107925	POINT(975901.000000 207539.000000)
612239433	POINT(975993.000000 207877.000000)
609315847	POINT(974985.000000 208092.000000)
610150543	POINT(974933.000000 208113.000000)
609878447	POINT(975161.000000 209090.000000)
612259738	POINT(974937.000000 209178.000000)
611675746	POINT(975217.000000 209271.000000)
609572644	POINT(976019.000000 209425.000000)
610685360	POINT(975383.000000 209955.000000)
609506520	POINT(975113.000000 211191.000000)
609374897	POINT(975745.000000 211430.000000)
610317638	POINT(975637.000000 211623.000000)
609630621	POINT(975497.000000 211759.000000)
611938834	POINT(976086.000000 211786.000000)
609839341	POINT(975757.000000 211830.000000)
609970372	POINT(975600.000000 212064.000000)
609632755	POINT(975544.000000 212242.000000)
611464128	POINT(976083.000000 212633.000000)
609628723	POINT(974980.000000 212871.000000)
610884116	POINT(975944.000000 212879.000000)
608970229	POINT(976098.000000 213131.000000)
611979316	POINT(975179.000000 213391.000000)
608307252	POINT(976146.000000 214327.000000)
608999831	POINT(974951.000000 214481.000000)
612331188	POINT(975384.000000 215396.000000)
611195109	POINT(975245.000000 216012.000000)
611326356	POINT(975087.000000 216270.000000)
608322499	POINT(975361.000000 216676.000000)
610738190	POINT(975211.000000 217062.000000)
610143226	POINT(975172.000000 221258.000000)
609257879	POINT(975719.000000 224904.000000)
608883767	POINT(975719.000000 224904.000000)
609139591	POINT(975714.000000 231896.000000)
610424071	POINT(977099.000000 165593.000000)
612253158	POINT(977117.000000 168523.000000)
611788138	POINT(976562.000000 169442.000000)
609354961	POINT(976995.000000 170835.000000)
611666539	POINT(977538.000000 196403.000000)
611276938	POINT(976599.000000 199185.000000)
611714643	POINT(976838.000000 202289.000000)
611676556	POINT(976838.000000 202289.000000)
609950374	POINT(976458.000000 204270.000000)
609232209	POINT(977330.000000 205504.000000)
610937793	POINT(976506.000000 207227.000000)
610614836	POINT(976559.000000 209193.000000)
609617257	POINT(976637.000000 209559.000000)
609559766	POINT(976251.000000 210294.000000)
611939815	POINT(977089.000000 211457.000000)
612112037	POINT(976681.000000 212301.000000)
610429986	POINT(977453.000000 212769.000000)
610225865	POINT(976949.000000 213698.000000)
608733826	POINT(977342.000000 214065.000000)
611677069	POINT(977410.000000 214089.000000)
609227872	POINT(976932.000000 214303.000000)
610464284	POINT(977282.000000 214399.000000)
609935515	POINT(976287.000000 214893.000000)
611540169	POINT(976893.000000 215654.000000)
611542879	POINT(976893.000000 215654.000000)
611115107	POINT(976310.000000 216107.000000)
611417797	POINT(976558.000000 216110.000000)
610272322	POINT(976528.000000 216111.000000)
610867232	POINT(977459.000000 217320.000000)
608617140	POINT(976616.000000 224824.000000)
610181350	POINT(976620.000000 234593.000000)
609367651	POINT(977622.000000 166567.000000)
609358110	POINT(977580.000000 167374.000000)
608617690	POINT(977974.000000 168638.000000)
610939881	POINT(977728.000000 169700.000000)
609676775	POINT(978727.000000 170982.000000)
610872948	POINT(978281.000000 171067.000000)
612004019	POINT(977614.000000 172255.000000)
610198749	POINT(978675.000000 173392.000000)
609055107	POINT(978190.000000 177378.000000)
608462016	POINT(977661.000000 193906.000000)
611666539	POINT(977538.000000 196403.000000)
610206587	POINT(978073.000000 198024.000000)
608645888	POINT(978456.000000 198575.000000)
610093493	POINT(978774.000000 198772.000000)
608781805	POINT(978141.000000 200322.000000)
609027315	POINT(978137.000000 205253.000000)
612185703	POINT(978263.000000 206746.000000)
610796303	POINT(978578.000000 208177.000000)
610969897	POINT(977817.000000 208343.000000)
610420174	POINT(978426.000000 208493.000000)
610746849	POINT(977588.000000 208502.000000)
610760924	POINT(977880.000000 209107.000000)
612334347	POINT(977975.000000 209146.000000)
612160962	POINT(977925.000000 211753.000000)
611458783	POINT(978561.000000 213351.000000)
610542296	POINT(977988.000000 213378.000000)
609573553	POINT(978403.000000 214450.000000)
612110435	POINT(977767.000000 217818.000000)
609779843	POINT(978031.000000 218647.000000)
611453616	POINT(978430.000000 218672.000000)
609266527	POINT(978073.000000 218732.000000)
610716446	POINT(978296.000000 219368.000000)
610676018	POINT(978296.000000 219368.000000)
609934958	POINT(978491.000000 220024.000000)
609290296	POINT(978185.000000 220623.000000)
609236269	POINT(978564.000000 220729.000000)
609184582	POINT(978670.000000 221678.000000)
609415530	POINT(977548.000000 222412.000000)
611236842	POINT(978378.000000 226132.000000)
611253285	POINT(978378.000000 226132.000000)
608467462	POINT(978601.000000 226385.000000)
608968259	POINT(977953.000000 227191.000000)
610093204	POINT(977684.000000 240628.000000)
610419851	POINT(978478.000000 242181.000000)
611001536	POINT(977729.000000 253830.000000)
611785311	POINT(979732.000000 158893.000000)
608996915	POINT(979275.000000 171674.000000)
610587972	POINT(979711.000000 195412.000000)
611904237	POINT(980154.000000 195280.000000)
610736327	POINT(979461.000000 195024.000000)
612028563	POINT(980049.000000 194918.000000)
611671470	POINT(979946.000000 196687.000000)
610987743	POINT(979961.000000 196688.000000)
608866720	POINT(979329.000000 196693.000000)
609299206	POINT(979297.000000 196693.000000)
609049591	POINT(979810.000000 196694.000000)
611773549	POINT(979385.000000 196694.000000)
611389906	POINT(979314.000000 196694.000000)
608375392	POINT(979971.000000 196696.000000)
608373952	POINT(979702.000000 196698.000000)
611019771	POINT(979832.000000 196701.000000)
608862698	POINT(979322.000000 196717.000000)
610308304	POINT(979358.000000 196718.000000)
609673462	POINT(979792.000000 196721.000000)
609798581	POINT(979715.000000 196757.000000)
609795629	POINT(979715.000000 196757.000000)
610708553	POINT(979802.000000 196779.000000)
610104364	POINT(979340.000000 196779.000000)
610478757	POINT(979987.000000 196567.000000)
610346465	POINT(979623.000000 196575.000000)
609680194	POINT(979803.000000 196586.000000)
611875294	POINT(979599.000000 196588.000000)
610826615	POINT(979573.000000 196591.000000)
609284662	POINT(979814.000000 196598.000000)
612006341	POINT(979520.000000 196601.000000)
609545978	POINT(979590.000000 196602.000000)
608734825	POINT(979562.000000 196602.000000)
611219102	POINT(979801.000000 196602.000000)
611924622	POINT(979602.000000 196629.000000)
611207817	POINT(979797.000000 196632.000000)
608871904	POINT(979708.000000 196636.000000)
612036816	POINT(979789.000000 196642.000000)
608462115	POINT(979825.000000 196648.000000)
609922528	POINT(979309.000000 196652.000000)
609648109	POINT(979841.000000 196652.000000)
610703279	POINT(979331.000000 196661.000000)
608361685	POINT(979323.000000 196664.000000)
609394778	POINT(979828.000000 196667.000000)
610716211	POINT(979766.000000 196668.000000)
610497044	POINT(979244.000000 196668.000000)
608326107	POINT(979827.000000 196670.000000)
609278272	POINT(979997.000000 196672.000000)
609555544	POINT(979628.000000 196674.000000)
611399068	POINT(979311.000000 196674.000000)
609003375	POINT(979818.000000 196677.000000)
610620820	POINT(979329.000000 196684.000000)
611102408	POINT(979516.000000 196425.000000)
608919262	POINT(979472.000000 196435.000000)
608332993	POINT(979655.000000 196465.000000)
611286568	POINT(979384.000000 196480.000000)
608623413	POINT(979248.000000 196482.000000)
610837550	POINT(979769.000000 196485.000000)
609572022	POINT(980134.000000 196486.000000)
610836119	POINT(979621.000000 196487.000000)
609776503	POINT(979692.000000 196490.000000)
611236770	POINT(979694.000000 196494.000000)
609790282	POINT(979741.000000 196507.000000)
609962362	POINT(979767.000000 196512.000000)
611603664	POINT(979268.000000 196515.000000)
608621307	POINT(979687.000000 196516.000000)
612142395	POINT(979519.000000 196523.000000)
609778385	POINT(979745.000000 196528.000000)
612159216	POINT(979791.000000 196540.000000)
611742903	POINT(979310.000000 196543.000000)
608349760	POINT(979544.000000 196551.000000)
610580609	POINT(979536.000000 196554.000000)
612306951	POINT(979760.000000 196556.000000)
610702054	POINT(979556.000000 196564.000000)
609563103	POINT(979483.000000 196282.000000)
610929585	POINT(979496.000000 196282.000000)
611238633	POINT(979478.000000 196284.000000)
609032607	POINT(979468.000000 196284.000000)
609796565	POINT(979477.000000 196286.000000)
611008106	POINT(979511.000000 196288.000000)
609669359	POINT(979503.000000 196288.000000)
612179188	POINT(979483.000000 196289.000000)
612020633	POINT(979715.000000 196291.000000)
612016485	POINT(979725.000000 196314.000000)
608755273	POINT(979481.000000 196322.000000)
610857152	POINT(979506.000000 196331.000000)
611607688	POINT(979532.000000 196331.000000)
608982037	POINT(979325.000000 196344.000000)
610035640	POINT(979536.000000 196346.000000)
610406666	POINT(979735.000000 196347.000000)
612009708	POINT(979523.000000 196355.000000)
609552565	POINT(980146.000000 196362.000000)
611759301	POINT(979595.000000 196374.000000)
609176491	POINT(979546.000000 196379.000000)
611357091	POINT(979566.000000 196389.000000)
609918343	POINT(979458.000000 196415.000000)
608364899	POINT(979478.000000 196245.000000)
611536326	POINT(979494.000000 196250.000000)
611240333	POINT(979518.000000 196250.000000)
609553924	POINT(979484.000000 196251.000000)
609419752	POINT(979504.000000 196251.000000)
611228922	POINT(979495.000000 196252.000000)
609041814	POINT(979459.000000 196252.000000)
612285360	POINT(979479.000000 196253.000000)
611763559	POINT(979473.000000 196254.000000)
609532602	POINT(979490.000000 196256.000000)
608344486	POINT(979494.000000 196257.000000)
610304687	POINT(979498.000000 196258.000000)
609537481	POINT(979482.000000 196258.000000)
608516773	POINT(979476.000000 196261.000000)
611661697	POINT(979486.000000 196261.000000)
610593830	POINT(979488.000000 196261.000000)
611721294	POINT(979503.000000 196262.000000)
610869429	POINT(979488.000000 196263.000000)
610052632	POINT(979526.000000 196265.000000)
612182599	POINT(979467.000000 196265.000000)
610689113	POINT(979300.000000 196266.000000)
608785568	POINT(979494.000000 196266.000000)
608619959	POINT(979496.000000 196268.000000)
610620118	POINT(979493.000000 196268.000000)
608646995	POINT(979477.000000 196269.000000)
609408826	POINT(979493.000000 196269.000000)
608375608	POINT(979456.000000 196272.000000)
608614503	POINT(979497.000000 196272.000000)
610343990	POINT(979506.000000 196273.000000)
609255619	POINT(979479.000000 196273.000000)
609958042	POINT(979475.000000 196274.000000)
608488324	POINT(979488.000000 196275.000000)
610957223	POINT(979490.000000 196276.000000)
612154798	POINT(979468.000000 196277.000000)
610343972	POINT(979491.000000 196278.000000)
608513433	POINT(979495.000000 196279.000000)
612293280	POINT(979531.000000 196280.000000)
609570998	POINT(979491.000000 196281.000000)
608755336	POINT(979746.000000 196164.000000)
610360045	POINT(979707.000000 196165.000000)
610714150	POINT(979488.000000 196175.000000)
610692001	POINT(979491.000000 196202.000000)
611582659	POINT(979504.000000 196203.000000)
608345241	POINT(979483.000000 196203.000000)
610617536	POINT(979491.000000 196205.000000)
610043560	POINT(979417.000000 196209.000000)
612315915	POINT(979711.000000 196211.000000)
608657137	POINT(979539.000000 196211.000000)
610868240	POINT(979470.000000 196217.000000)
609661933	POINT(979445.000000 196218.000000)
611136438	POINT(979485.000000 196220.000000)
608662050	POINT(979493.000000 196221.000000)
608482933	POINT(979475.000000 196221.000000)
611016215	POINT(979487.000000 196223.000000)
611109997	POINT(979506.000000 196223.000000)
610303705	POINT(979483.000000 196223.000000)
611629143	POINT(979518.000000 196226.000000)
608720640	POINT(979491.000000 196227.000000)
610973036	POINT(979490.000000 196228.000000)
611139831	POINT(979484.000000 196228.000000)
608710380	POINT(979498.000000 196229.000000)
610598420	POINT(979481.000000 196231.000000)
611019500	POINT(979492.000000 196234.000000)
611108808	POINT(979470.000000 196236.000000)
611381418	POINT(979490.000000 196236.000000)
609539939	POINT(980131.000000 196239.000000)
612001643	POINT(979508.000000 196239.000000)
608353954	POINT(979479.000000 196242.000000)
611608128	POINT(979930.000000 196093.000000)
609130130	POINT(979431.000000 196093.000000)
610859925	POINT(979579.000000 196095.000000)
608359985	POINT(979510.000000 196097.000000)
609391195	POINT(979916.000000 196097.000000)
611880018	POINT(979693.000000 196101.000000)
608621064	POINT(979744.000000 196101.000000)
608626447	POINT(980147.000000 196102.000000)
608623026	POINT(979761.000000 196104.000000)
608366004	POINT(979590.000000 196105.000000)
609541783	POINT(979981.000000 196108.000000)
610599177	POINT(979557.000000 196111.000000)
610797843	POINT(979772.000000 196112.000000)
611214477	POINT(980022.000000 196113.000000)
608718139	POINT(979765.000000 196116.000000)
610853688	POINT(979771.000000 196117.000000)
611264067	POINT(979932.000000 196118.000000)
609397298	POINT(979844.000000 196119.000000)
608617898	POINT(979500.000000 196119.000000)
608494282	POINT(979789.000000 196123.000000)
609303976	POINT(979785.000000 196125.000000)
608863859	POINT(979798.000000 196125.000000)
609533953	POINT(980023.000000 196125.000000)
609152361	POINT(979903.000000 196128.000000)
610182818	POINT(979774.000000 196128.000000)
612063951	POINT(979677.000000 196129.000000)
609812962	POINT(979693.000000 196132.000000)
610825940	POINT(979805.000000 196132.000000)
608347537	POINT(979749.000000 196134.000000)
610835723	POINT(979788.000000 196137.000000)
611219544	POINT(979861.000000 196138.000000)
609782768	POINT(979881.000000 196139.000000)
609781787	POINT(979776.000000 196141.000000)
610195418	POINT(979620.000000 196142.000000)
610575641	POINT(979691.000000 196143.000000)
609672788	POINT(979667.000000 196144.000000)
609658207	POINT(979714.000000 196162.000000)
609812106	POINT(979493.000000 196163.000000)
609287371	POINT(979659.000000 196042.000000)
608889374	POINT(979634.000000 196043.000000)
608366112	POINT(979632.000000 196044.000000)
608365807	POINT(980024.000000 196045.000000)
612237589	POINT(979848.000000 196045.000000)
609418708	POINT(979572.000000 196046.000000)
608762752	POINT(979644.000000 196046.000000)
609018243	POINT(979653.000000 196049.000000)
608628931	POINT(979991.000000 196050.000000)
608496983	POINT(979989.000000 196053.000000)
610180694	POINT(979965.000000 196054.000000)
608366905	POINT(979821.000000 196055.000000)
610972749	POINT(979742.000000 196061.000000)
608627914	POINT(979976.000000 196061.000000)
610711243	POINT(979613.000000 196066.000000)
608756272	POINT(979785.000000 196066.000000)
610605610	POINT(979686.000000 196068.000000)
611388277	POINT(979635.000000 196068.000000)
611862720	POINT(979464.000000 196070.000000)
611766295	POINT(979738.000000 196071.000000)
612112721	POINT(979476.000000 196078.000000)
612328173	POINT(979812.000000 196078.000000)
609313975	POINT(979515.000000 196080.000000)
610363060	POINT(980127.000000 196081.000000)
610849944	POINT(979705.000000 196082.000000)
609443322	POINT(979753.000000 196083.000000)
609390736	POINT(979731.000000 196085.000000)
608575020	POINT(979435.000000 196085.000000)
608657830	POINT(979762.000000 196086.000000)
610835778	POINT(979733.000000 196086.000000)
610733195	POINT(979768.000000 196088.000000)
608599493	POINT(979750.000000 196092.000000)
609420598	POINT(980119.000000 196006.000000)
609418799	POINT(979636.000000 196012.000000)
609809984	POINT(980152.000000 196013.000000)
608352171	POINT(979559.000000 196018.000000)
608891641	POINT(980062.000000 196020.000000)
608636527	POINT(979575.000000 196020.000000)
609796727	POINT(979767.000000 196024.000000)
610469928	POINT(979629.000000 196027.000000)
608765704	POINT(979775.000000 196027.000000)
608635906	POINT(979567.000000 196028.000000)
611515374	POINT(979765.000000 196029.000000)
610599087	POINT(979614.000000 196029.000000)
609705222	POINT(979649.000000 196031.000000)
611643877	POINT(979693.000000 196032.000000)
612064978	POINT(979917.000000 196033.000000)
608635690	POINT(979720.000000 196034.000000)
608496686	POINT(979684.000000 196035.000000)
611387890	POINT(979877.000000 196035.000000)
610607375	POINT(979642.000000 196036.000000)
608439481	POINT(979715.000000 196036.000000)
611460546	POINT(979697.000000 196037.000000)
611463822	POINT(979763.000000 196037.000000)
610852337	POINT(979723.000000 196038.000000)
610583273	POINT(979665.000000 196038.000000)
611232756	POINT(980017.000000 196041.000000)
612196918	POINT(979781.000000 195951.000000)
612038760	POINT(979554.000000 195975.000000)
612040983	POINT(979506.000000 195998.000000)
611583261	POINT(979510.000000 196002.000000)
609425232	POINT(980102.000000 195815.000000)
609927352	POINT(980102.000000 198033.000000)
610707563	POINT(979540.000000 198044.000000)
609314082	POINT(979753.000000 198045.000000)
609403632	POINT(979723.000000 198045.000000)
611129526	POINT(979708.000000 198046.000000)
610968294	POINT(979615.000000 198049.000000)
612133485	POINT(979411.000000 198066.000000)
612058010	POINT(979725.000000 198083.000000)
611716588	POINT(980008.000000 197925.000000)
610470232	POINT(980137.000000 197930.000000)
609302049	POINT(979946.000000 197935.000000)
609126018	POINT(979683.000000 197936.000000)
610574336	POINT(979913.000000 197936.000000)
611506932	POINT(979729.000000 197943.000000)
611673117	POINT(979699.000000 197944.000000)
610571988	POINT(980062.000000 197944.000000)
612203414	POINT(979724.000000 197946.000000)
609704665	POINT(979727.000000 197946.000000)
608872949	POINT(979765.000000 197946.000000)
609782065	POINT(979696.000000 197947.000000)
612199861	POINT(979757.000000 197950.000000)
611532474	POINT(979740.000000 197957.000000)
610310888	POINT(979755.000000 197958.000000)
611518957	POINT(979721.000000 197967.000000)
610165286	POINT(979753.000000 197968.000000)
610572978	POINT(979708.000000 197968.000000)
611493810	POINT(979649.000000 197968.000000)
611740437	POINT(979730.000000 197969.000000)
612280068	POINT(979682.000000 197973.000000)
612177612	POINT(980140.000000 197975.000000)
608363674	POINT(979744.000000 197976.000000)
611881206	POINT(979740.000000 197981.000000)
610040761	POINT(979724.000000 197988.000000)
609124902	POINT(979620.000000 197989.000000)
610102168	POINT(980009.000000 197994.000000)
608631586	POINT(979738.000000 198002.000000)
611411739	POINT(979730.000000 198006.000000)
611911428	POINT(979728.000000 198017.000000)
611397844	POINT(979745.000000 198024.000000)
610051697	POINT(979579.000000 198028.000000)
612007250	POINT(979305.000000 197820.000000)
611243222	POINT(980075.000000 197824.000000)
608994502	POINT(979916.000000 197828.000000)
611752740	POINT(980036.000000 197830.000000)
608467958	POINT(979263.000000 197830.000000)
612049623	POINT(980132.000000 197832.000000)
610049744	POINT(979655.000000 197838.000000)
608595118	POINT(979411.000000 197838.000000)
608608898	POINT(979902.000000 197841.000000)
610966926	POINT(980076.000000 197853.000000)
610197533	POINT(979470.000000 197863.000000)
610366751	POINT(980088.000000 197864.000000)
611748385	POINT(979982.000000 197875.000000)
609787033	POINT(980051.000000 197878.000000)
609033309	POINT(980121.000000 197884.000000)
609390196	POINT(979712.000000 197886.000000)
609579737	POINT(980004.000000 197887.000000)
609261586	POINT(979648.000000 197890.000000)
612065508	POINT(979651.000000 197893.000000)
610826417	POINT(979256.000000 197897.000000)
610314271	POINT(979942.000000 197899.000000)
609975403	POINT(979686.000000 197902.000000)
612046743	POINT(979689.000000 197903.000000)
610824707	POINT(980125.000000 197905.000000)
610614638	POINT(979827.000000 197906.000000)
611012976	POINT(979913.000000 197908.000000)
611243493	POINT(979740.000000 197916.000000)
611881891	POINT(979993.000000 197921.000000)
610470322	POINT(980005.000000 197777.000000)
611246715	POINT(979615.000000 197779.000000)
611369971	POINT(980118.000000 197780.000000)
609819253	POINT(980159.000000 197780.000000)
610708643	POINT(980147.000000 197780.000000)
611087316	POINT(980147.000000 197783.000000)
609295372	POINT(980127.000000 197786.000000)
609662545	POINT(980047.000000 197788.000000)
610091459	POINT(980136.000000 197789.000000)
612141044	POINT(979282.000000 197791.000000)
609939458	POINT(980144.000000 197791.000000)
609801036	POINT(980131.000000 197792.000000)
609258292	POINT(979638.000000 197792.000000)
611104721	POINT(979969.000000 197792.000000)
608487217	POINT(980151.000000 197793.000000)
611190339	POINT(979961.000000 197793.000000)
609927488	POINT(979773.000000 197796.000000)
609954091	POINT(980114.000000 197798.000000)
610077130	POINT(979999.000000 197798.000000)
608745337	POINT(979234.000000 197799.000000)
611088982	POINT(979294.000000 197803.000000)
610042093	POINT(979292.000000 197804.000000)
609660321	POINT(980122.000000 197805.000000)
609655390	POINT(979921.000000 197806.000000)
612274713	POINT(979323.000000 197807.000000)
610449704	POINT(979483.000000 197811.000000)
609677783	POINT(979867.000000 197812.000000)
611263518	POINT(979617.000000 197814.000000)
608612091	POINT(980140.000000 197818.000000)
609441766	POINT(980130.000000 197729.000000)
611234637	POINT(980113.000000 197730.000000)
611143052	POINT(980093.000000 197731.000000)
609363673	POINT(979625.000000 197732.000000)
611083770	POINT(980052.000000 197732.000000)
611613898	POINT(979324.000000 197737.000000)
612005973	POINT(979305.000000 197739.000000)
611106378	POINT(980093.000000 197740.000000)
610577612	POINT(980098.000000 197746.000000)
611350098	POINT(979612.000000 197747.000000)
609188425	POINT(979576.000000 197749.000000)
612008376	POINT(979273.000000 197750.000000)
610877970	POINT(979312.000000 197752.000000)
610428455	POINT(980148.000000 197752.000000)
611113415	POINT(980017.000000 197753.000000)
611370096	POINT(980117.000000 197754.000000)
609262215	POINT(979360.000000 197756.000000)
610584326	POINT(980129.000000 197756.000000)
611349414	POINT(980107.000000 197758.000000)
610169165	POINT(980067.000000 197759.000000)
608997905	POINT(979275.000000 197759.000000)
609131616	POINT(979313.000000 197766.000000)
610535924	POINT(980153.000000 197766.000000)
609397135	POINT(980134.000000 197768.000000)
612008196	POINT(980111.000000 197768.000000)
609268291	POINT(979970.000000 197769.000000)
610037819	POINT(980139.000000 197770.000000)
608654059	POINT(980140.000000 197772.000000)
611800692	POINT(979300.000000 197773.000000)
612267397	POINT(980125.000000 197670.000000)
610047214	POINT(979603.000000 197671.000000)
608604801	POINT(980096.000000 197672.000000)
611148002	POINT(980129.000000 197673.000000)
611356236	POINT(980076.000000 197677.000000)
608347447	POINT(979982.000000 197678.000000)
612140144	POINT(980121.000000 197681.000000)
610820486	POINT(980150.000000 197686.000000)
610169129	POINT(979575.000000 197687.000000)
609800802	POINT(979674.000000 197687.000000)
609496324	POINT(980111.000000 197694.000000)
611868382	POINT(980048.000000 197694.000000)
608749603	POINT(979339.000000 197694.000000)
609915832	POINT(979997.000000 197697.000000)
611358414	POINT(980119.000000 197697.000000)
611235249	POINT(979633.000000 197699.000000)
612293785	POINT(979675.000000 197699.000000)
611461095	POINT(980159.000000 197699.000000)
609117432	POINT(979387.000000 197702.000000)
609283311	POINT(980122.000000 197705.000000)
609928414	POINT(980006.000000 197708.000000)
608465095	POINT(980117.000000 197709.000000)
608647372	POINT(979639.000000 197710.000000)
608337998	POINT(980065.000000 197712.000000)
611874213	POINT(979310.000000 197712.000000)
609311382	POINT(980111.000000 197719.000000)
610831303	POINT(979619.000000 197723.000000)
609439967	POINT(979600.000000 197724.000000)
609187309	POINT(979707.000000 197727.000000)
612323411	POINT(980148.000000 197727.000000)
609123912	POINT(979505.000000 197587.000000)
611479906	POINT(979501.000000 197588.000000)
610440208	POINT(980052.000000 197601.000000)
608466986	POINT(980096.000000 197602.000000)
609802837	POINT(979478.000000 197605.000000)
608757686	POINT(979563.000000 197612.000000)
610189730	POINT(979566.000000 197619.000000)
612198709	POINT(980128.000000 197619.000000)
610572699	POINT(980008.000000 197620.000000)
611604069	POINT(979528.000000 197622.000000)
612144618	POINT(980055.000000 197622.000000)
612140324	POINT(979588.000000 197628.000000)
611231496	POINT(979576.000000 197630.000000)
609023625	POINT(979759.000000 197637.000000)
611000780	POINT(979556.000000 197641.000000)
612138435	POINT(979329.000000 197641.000000)
608737822	POINT(979266.000000 197648.000000)
610821656	POINT(979575.000000 197648.000000)
609803458	POINT(979654.000000 197653.000000)
608360587	POINT(979648.000000 197655.000000)
610475552	POINT(979587.000000 197660.000000)
609317386	POINT(979619.000000 197664.000000)
610596855	POINT(979492.000000 197471.000000)
611223468	POINT(979428.000000 197475.000000)
611092509	POINT(979516.000000 197491.000000)
611412503	POINT(979873.000000 197504.000000)
610174385	POINT(979582.000000 197504.000000)
612280248	POINT(979520.000000 197507.000000)
608920846	POINT(979510.000000 197510.000000)
611761218	POINT(979681.000000 197524.000000)
612140306	POINT(979588.000000 197524.000000)
612001751	POINT(979513.000000 197525.000000)
612066912	POINT(979550.000000 197534.000000)
608589863	POINT(980092.000000 197542.000000)
611356731	POINT(979994.000000 197548.000000)
612142700	POINT(979468.000000 197551.000000)
608765281	POINT(980111.000000 197551.000000)
608494499	POINT(979543.000000 197553.000000)
612304520	POINT(979512.000000 197558.000000)
609389279	POINT(979513.000000 197560.000000)
610593524	POINT(979498.000000 197562.000000)
609448363	POINT(980069.000000 197570.000000)
612064923	POINT(979319.000000 197572.000000)
609661672	POINT(979516.000000 197574.000000)
608355637	POINT(979503.000000 197578.000000)
608784460	POINT(979517.000000 197581.000000)
611393622	POINT(979501.000000 197583.000000)
609282754	POINT(980058.000000 197587.000000)
608320220	POINT(979453.000000 197357.000000)
611871351	POINT(979598.000000 197359.000000)
609260811	POINT(979498.000000 197364.000000)
608734023	POINT(980053.000000 197364.000000)
608465545	POINT(979402.000000 197364.000000)
609276481	POINT(980029.000000 197367.000000)
610039574	POINT(979595.000000 197370.000000)
612316851	POINT(979404.000000 197373.000000)
608758964	POINT(979605.000000 197377.000000)
610482860	POINT(979498.000000 197377.000000)
610712512	POINT(979527.000000 197382.000000)
609384139	POINT(979666.000000 197387.000000)
608363566	POINT(980042.000000 197390.000000)
609299693	POINT(979491.000000 197390.000000)
608740242	POINT(979470.000000 197396.000000)
609053262	POINT(979430.000000 197399.000000)
609115632	POINT(979490.000000 197400.000000)
609449498	POINT(979456.000000 197401.000000)
608992559	POINT(979431.000000 197413.000000)
608788015	POINT(979753.000000 197413.000000)
609691570	POINT(979446.000000 197415.000000)
609355555	POINT(979470.000000 197419.000000)
608656534	POINT(979468.000000 197420.000000)
611209653	POINT(980060.000000 197433.000000)
609014049	POINT(980057.000000 197449.000000)
611229066	POINT(980012.000000 197461.000000)
611124747	POINT(979536.000000 197465.000000)
610825526	POINT(979631.000000 197285.000000)
610955595	POINT(979711.000000 197286.000000)
612176811	POINT(979629.000000 197288.000000)
608474329	POINT(979649.000000 197290.000000)
610609922	POINT(979512.000000 197292.000000)
611090015	POINT(979377.000000 197297.000000)
609127431	POINT(979591.000000 197302.000000)
609654210	POINT(979562.000000 197302.000000)
611285091	POINT(979914.000000 197314.000000)
610576181	POINT(980048.000000 197317.000000)
609659800	POINT(979336.000000 197317.000000)
609400833	POINT(979395.000000 197321.000000)
610982739	POINT(979618.000000 197322.000000)
610310185	POINT(979609.000000 197325.000000)
608497162	POINT(979881.000000 197326.000000)
611879795	POINT(979355.000000 197327.000000)
611405295	POINT(979442.000000 197327.000000)
609566984	POINT(979972.000000 197330.000000)
610314398	POINT(979401.000000 197331.000000)
611356100	POINT(979405.000000 197334.000000)
608651809	POINT(980004.000000 197337.000000)
611263914	POINT(979368.000000 197340.000000)
611347074	POINT(979658.000000 197341.000000)
611512656	POINT(980035.000000 197342.000000)
611397330	POINT(979469.000000 197345.000000)
610433567	POINT(979431.000000 197347.000000)
610844273	POINT(979656.000000 197228.000000)
611500226	POINT(979644.000000 197234.000000)
610034038	POINT(979624.000000 197236.000000)
611228184	POINT(979373.000000 197236.000000)
611502918	POINT(979693.000000 197243.000000)
611628018	POINT(979698.000000 197244.000000)
609687269	POINT(979317.000000 197246.000000)
612135050	POINT(979643.000000 197248.000000)
611650707	POINT(979667.000000 197256.000000)
611751390	POINT(979641.000000 197258.000000)
610961949	POINT(979618.000000 197258.000000)
611227031	POINT(979624.000000 197265.000000)
612185839	POINT(979470.000000 197268.000000)
610825409	POINT(979591.000000 197269.000000)
610445816	POINT(979569.000000 197270.000000)
611280555	POINT(980026.000000 197276.000000)
609392220	POINT(979628.000000 197276.000000)
611218987	POINT(979365.000000 197276.000000)
609247384	POINT(979918.000000 197276.000000)
609397577	POINT(979627.000000 197279.000000)
609784577	POINT(979354.000000 197279.000000)
611885879	POINT(979594.000000 197281.000000)
609784009	POINT(979615.000000 197282.000000)
609126504	POINT(979613.000000 197284.000000)
610434304	POINT(979367.000000 197167.000000)
612332592	POINT(979662.000000 197169.000000)
612168054	POINT(979594.000000 197173.000000)
611490165	POINT(979376.000000 197192.000000)
611269918	POINT(979597.000000 197194.000000)
610042633	POINT(979700.000000 197197.000000)
611353310	POINT(979674.000000 197197.000000)
610618094	POINT(979733.000000 197210.000000)
609659611	POINT(979358.000000 197213.000000)
611895779	POINT(979609.000000 197217.000000)
610319843	POINT(979577.000000 197225.000000)
609132697	POINT(979567.000000 197122.000000)
610671211	POINT(979671.000000 197124.000000)
609275383	POINT(979372.000000 197125.000000)
611486557	POINT(979581.000000 197146.000000)
610481645	POINT(979539.000000 197146.000000)
610091918	POINT(979558.000000 197146.000000)
608654185	POINT(979632.000000 197151.000000)
610467010	POINT(979529.000000 197069.000000)
608787034	POINT(979542.000000 197077.000000)
610163981	POINT(979533.000000 197077.000000)
609390097	POINT(979553.000000 197079.000000)
611876248	POINT(979588.000000 197079.000000)
610171540	POINT(979668.000000 197083.000000)
612144357	POINT(979497.000000 197092.000000)
610842455	POINT(979588.000000 197094.000000)
610493318	POINT(979509.000000 197096.000000)
609639947	POINT(979522.000000 197102.000000)
608922105	POINT(979554.000000 197103.000000)
610566821	POINT(979560.000000 197106.000000)
610534402	POINT(979570.000000 197115.000000)
611210804	POINT(979397.000000 196962.000000)
612243627	POINT(979685.000000 196987.000000)
608741269	POINT(979438.000000 197004.000000)
609520047	POINT(979501.000000 197022.000000)
608991000	POINT(979551.000000 197061.000000)
611106918	POINT(979551.000000 197064.000000)
609400806	POINT(979445.000000 197068.000000)
612150152	POINT(980123.000000 196812.000000)
611273805	POINT(979986.000000 196816.000000)
611511350	POINT(979646.000000 196831.000000)
611251520	POINT(979687.000000 196846.000000)
610611299	POINT(979403.000000 196852.000000)
612312477	POINT(979355.000000 196859.000000)
611522682	POINT(979867.000000 196865.000000)
608659883	POINT(979395.000000 196872.000000)
611359837	POINT(979437.000000 196899.000000)
610180289	POINT(979439.000000 196906.000000)
612132972	POINT(979481.000000 196932.000000)
611410730	POINT(979442.000000 196939.000000)
609687052	POINT(979398.000000 196792.000000)
610205010	POINT(979843.000000 196810.000000)
611892565	POINT(979936.000000 199224.000000)
611669013	POINT(979842.000000 199242.000000)
612111281	POINT(979380.000000 199246.000000)
610348544	POINT(980051.000000 199264.000000)
611653227	POINT(980156.000000 199307.000000)
610882569	POINT(980126.000000 199328.000000)
609575083	POINT(979834.000000 199347.000000)
610752347	POINT(980155.000000 199349.000000)
610322939	POINT(980062.000000 199380.000000)
611773530	POINT(980001.000000 199392.000000)
609440406	POINT(979967.000000 199401.000000)
611374227	POINT(980081.000000 199402.000000)
611674224	POINT(979935.000000 198554.000000)
609442837	POINT(979821.000000 198555.000000)
611119671	POINT(979813.000000 198557.000000)
610235648	POINT(979903.000000 198558.000000)
608746570	POINT(979781.000000 198558.000000)
612062024	POINT(979703.000000 198559.000000)
609936325	POINT(980003.000000 198560.000000)
610591634	POINT(979845.000000 198562.000000)
611246995	POINT(979859.000000 198564.000000)
611624913	POINT(979948.000000 198565.000000)
610839044	POINT(979698.000000 198566.000000)
610931690	POINT(979792.000000 198581.000000)
608757703	POINT(979830.000000 198588.000000)
610448778	POINT(979863.000000 198594.000000)
611929410	POINT(979719.000000 198601.000000)
609971623	POINT(979865.000000 198602.000000)
609885511	POINT(979696.000000 198612.000000)
610307765	POINT(979623.000000 198616.000000)
611897074	POINT(979759.000000 198622.000000)
608879339	POINT(979731.000000 198633.000000)
609532224	POINT(979106.000000 198647.000000)
608498756	POINT(979825.000000 198654.000000)
611873872	POINT(979484.000000 198687.000000)
611014451	POINT(979622.000000 198722.000000)
608602678	POINT(979411.000000 198803.000000)
609181909	POINT(979470.000000 199011.000000)
609299233	POINT(979911.000000 199066.000000)
611922156	POINT(980016.000000 199094.000000)
608868719	POINT(978900.000000 199108.000000)
609382708	POINT(979681.000000 199169.000000)
610100520	POINT(979833.000000 199174.000000)
609974611	POINT(979895.000000 199184.000000)
611259793	POINT(980118.000000 198484.000000)
610843085	POINT(979839.000000 198485.000000)
609183015	POINT(979815.000000 198485.000000)
611100473	POINT(979729.000000 198485.000000)
611907559	POINT(979818.000000 198487.000000)
611114414	POINT(980018.000000 198487.000000)
612046950	POINT(979906.000000 198487.000000)
611395161	POINT(979814.000000 198487.000000)
612155986	POINT(979813.000000 198488.000000)
610494957	POINT(979932.000000 198488.000000)
608367201	POINT(979870.000000 198489.000000)
609354754	POINT(979690.000000 198491.000000)
608884522	POINT(979845.000000 198491.000000)
610703431	POINT(979806.000000 198493.000000)
611656981	POINT(979883.000000 198493.000000)
612031668	POINT(979806.000000 198497.000000)
610884693	POINT(979944.000000 198498.000000)
609926623	POINT(979931.000000 198498.000000)
610603658	POINT(979819.000000 198498.000000)
610572888	POINT(979904.000000 198498.000000)
608512434	POINT(979828.000000 198500.000000)
611908062	POINT(979869.000000 198507.000000)
608469370	POINT(979796.000000 198510.000000)
609425160	POINT(979955.000000 198511.000000)
609129880	POINT(980027.000000 198511.000000)
608617131	POINT(979911.000000 198511.000000)
609123958	POINT(979792.000000 198513.000000)
610078797	POINT(979892.000000 198514.000000)
610190954	POINT(979828.000000 198519.000000)
608615638	POINT(979784.000000 198524.000000)
609776422	POINT(979853.000000 198525.000000)
608499692	POINT(979918.000000 198526.000000)
610046945	POINT(979810.000000 198527.000000)
609286570	POINT(979851.000000 198530.000000)
609129556	POINT(979857.000000 198533.000000)
610140454	POINT(979812.000000 198533.000000)
611246319	POINT(979990.000000 198533.000000)
610336493	POINT(979910.000000 198535.000000)
611216448	POINT(979717.000000 198537.000000)
611234349	POINT(979891.000000 198537.000000)
612295053	POINT(979782.000000 198541.000000)
609839404	POINT(979658.000000 198542.000000)
610342775	POINT(979720.000000 198543.000000)
610964586	POINT(979703.000000 198549.000000)
611640177	POINT(979859.000000 198551.000000)
609431091	POINT(979813.000000 198449.000000)
609704322	POINT(979790.000000 198450.000000)
612142638	POINT(979860.000000 198452.000000)
611641437	POINT(979806.000000 198452.000000)
610703620	POINT(979810.000000 198454.000000)
611775141	POINT(979826.000000 198454.000000)
609646336	POINT(979724.000000 198454.000000)
610194806	POINT(979791.000000 198455.000000)
611873566	POINT(979844.000000 198455.000000)
609829919	POINT(979874.000000 198457.000000)
609393553	POINT(979810.000000 198458.000000)
608619265	POINT(979845.000000 198458.000000)
611743777	POINT(979804.000000 198459.000000)
608375068	POINT(979823.000000 198460.000000)
608621370	POINT(979747.000000 198460.000000)
609121185	POINT(979795.000000 198461.000000)
610716950	POINT(979785.000000 198462.000000)
610294607	POINT(979885.000000 198462.000000)
610330642	POINT(979842.000000 198463.000000)
612039651	POINT(979881.000000 198463.000000)
610366562	POINT(979802.000000 198464.000000)
611534715	POINT(979845.000000 198464.000000)
611661219	POINT(979833.000000 198465.000000)
610814186	POINT(979872.000000 198466.000000)
609879059	POINT(979789.000000 198466.000000)
608465617	POINT(979835.000000 198468.000000)
609389008	POINT(979796.000000 198468.000000)
608364024	POINT(979788.000000 198469.000000)
608910379	POINT(979859.000000 198470.000000)
610735760	POINT(979735.000000 198471.000000)
610851770	POINT(979887.000000 198472.000000)
612179999	POINT(979984.000000 198472.000000)
608312689	POINT(979463.000000 198474.000000)
610345321	POINT(979903.000000 198477.000000)
609168599	POINT(980042.000000 198478.000000)
609800668	POINT(979834.000000 198478.000000)
610844101	POINT(979911.000000 198478.000000)
609444079	POINT(979821.000000 198480.000000)
608509005	POINT(979909.000000 198481.000000)
609432144	POINT(979840.000000 198481.000000)
610935272	POINT(979657.000000 198482.000000)
611525922	POINT(979813.000000 198482.000000)
609390772	POINT(979842.000000 198483.000000)
609912970	POINT(980043.000000 198483.000000)
610477451	POINT(979811.000000 198423.000000)
612129831	POINT(979821.000000 198423.000000)
609115821	POINT(979820.000000 198426.000000)
609398297	POINT(979812.000000 198426.000000)
611785474	POINT(979796.000000 198426.000000)
608380657	POINT(979825.000000 198426.000000)
608651430	POINT(979824.000000 198426.000000)
610300258	POINT(979777.000000 198426.000000)
611260151	POINT(979809.000000 198428.000000)
608865703	POINT(979781.000000 198428.000000)
609748289	POINT(979820.000000 198429.000000)
608992180	POINT(979832.000000 198429.000000)
610881236	POINT(979803.000000 198430.000000)
611214341	POINT(979905.000000 198431.000000)
611250963	POINT(979815.000000 198431.000000)
611607930	POINT(979798.000000 198432.000000)
611534940	POINT(979810.000000 198432.000000)
609563491	POINT(979825.000000 198432.000000)
608467291	POINT(979835.000000 198433.000000)
610311418	POINT(979897.000000 198433.000000)
609384283	POINT(979807.000000 198433.000000)
610461755	POINT(979873.000000 198434.000000)
610846019	POINT(979809.000000 198434.000000)
611548666	POINT(979809.000000 198434.000000)
609391591	POINT(979816.000000 198435.000000)
611998559	POINT(979816.000000 198436.000000)
612330053	POINT(979808.000000 198438.000000)
609028486	POINT(979708.000000 198438.000000)
610193032	POINT(979867.000000 198439.000000)
612058579	POINT(979858.000000 198439.000000)
611403035	POINT(979822.000000 198440.000000)
609446563	POINT(979800.000000 198441.000000)
609133137	POINT(979760.000000 198442.000000)
610205371	POINT(979868.000000 198442.000000)
611234277	POINT(979768.000000 198442.000000)
611002265	POINT(979800.000000 198444.000000)
610611794	POINT(979807.000000 198445.000000)
610317584	POINT(979946.000000 198446.000000)
610851671	POINT(979800.000000 198447.000000)
610757306	POINT(979825.000000 198448.000000)
608997527	POINT(979819.000000 198448.000000)
610960562	POINT(979825.000000 198448.000000)
611609055	POINT(979800.000000 198448.000000)
611517921	POINT(979858.000000 198393.000000)
612295639	POINT(979818.000000 198394.000000)
609253099	POINT(979820.000000 198395.000000)
611867833	POINT(979783.000000 198396.000000)
612322142	POINT(979813.000000 198396.000000)
611345797	POINT(979924.000000 198396.000000)
608376715	POINT(979797.000000 198397.000000)
610164205	POINT(979806.000000 198397.000000)
610214074	POINT(979775.000000 198398.000000)
608746453	POINT(979895.000000 198399.000000)
611514195	POINT(979842.000000 198400.000000)
612312071	POINT(979792.000000 198400.000000)
609158545	POINT(979837.000000 198400.000000)
609556057	POINT(979862.000000 198400.000000)
609245403	POINT(979788.000000 198403.000000)
610614359	POINT(979842.000000 198403.000000)
609841825	POINT(979832.000000 198404.000000)
611518164	POINT(979827.000000 198404.000000)
612158938	POINT(979821.000000 198404.000000)
611345878	POINT(979848.000000 198404.000000)
612019437	POINT(980068.000000 198406.000000)
609944542	POINT(979793.000000 198406.000000)
609296858	POINT(979819.000000 198407.000000)
611413007	POINT(979806.000000 198407.000000)
610829207	POINT(979823.000000 198408.000000)
609787420	POINT(980018.000000 198409.000000)
610361783	POINT(979795.000000 198412.000000)
611014776	POINT(979884.000000 198412.000000)
612122153	POINT(979824.000000 198412.000000)
608475878	POINT(979821.000000 198413.000000)
611934432	POINT(979835.000000 198413.000000)
609780896	POINT(979801.000000 198413.000000)
608705557	POINT(979829.000000 198415.000000)
611799947	POINT(979806.000000 198415.000000)
